nota_fiscal,tipo_nf,recebedor,entregador,motivo_de_devolucao,volume,caixas_com_produto,caixas_vazias,garrafeiras,divergencia,observacao_da_nf,observacoes_do_protocolo,datahora,carro_de_entrega,remessa,inicio,fim,tempo,3pl
1592473,VENDA,EDUARDO,NEDSON REIS ,BOM ESTADO,2.0,0.0,0.0,0.0,NÃO,,,30.07.26 - 13.57.44,BR0075781,6878381597,13:57:44,13:58:50,00:01:06,FADEL
5438-1,KEY ACCOUNT,EDUARDO,NEDSON REIS ,BOM ESTADO,0.0,0.0,0.0,0.0,NÃO,,,30.07.26 - 13.58.12,BR0075494,K.A,,,,FADEL
3327-12,KEY ACCOUNT,EDUARDO,NEDSON REIS ,BOM ESTADO,0.0,0.0,0.0,0.0,NÃO,,,30.07.26 - 13.58.30,BR0075494,K.A,,,,FADEL
AVULSO,0,EDUARDO,WESLEY,0,0.0,0.0,6.0,0.0,0,0.0,,30.07.26 - 15.01.59,BR0075488,0,15:01:59,15:02:40,00:00:41,FADEL
3647-1,KEY ACCOUNT,EDUARDO,FELIPE,BOM ESTADO,0.0,0.0,0.0,0.0,NÃO,,,30.07.26 - 15.16.20,BR0075488,K.A,15:16:20,15:16:41,00:00:21,FADEL
1592267,VENDA,EDUARDO,KEVIN,BOM ESTADO,3.8,0.0,0.0,0.0,NÃO,,,30.07.26 - 15.36.13,BR0219606,6878392942,15:36:13,15:40:44,00:04:31,FADEL
1592411,VENDA,EDUARDO,KEVIN,BOM ESTADO,11.3,0.0,0.0,0.0,NÃO,,,30.07.26 - 15.40.22,BR0219606,6878325124,,,,FADEL
AVULSO,0,EDUARDO,RAFAEL,0,0.0,0.0,29.0,0.0,0,0.0,,30.07.26 - 15.51.18,BR0075488,0,15:51:18,15:51:30,00:00:12,FADEL
,,,,,,,,,,,,,,,,,,#N/A
,,,,,,,,,,,,,,,,,,#N/A
,,,,,,,,,,,,,,,,,,#N/A
,,,,,,,,,,,,,,,,,,#N/A
,,,,,,,,,,,,,,,,,,#N/A
,,,,,,,,,,,,,,,,,,#N/A
,,,,,,,,,,,,,,,,,,#N/A
,,,,,,,,,,,,,,,,,,#N/A
,,,,,,,,,,,,,,,,,,#N/A
,,,,,,,,,,,,,,,,,,#N/A
,,,,,,,,,,,,,,,,,,#N/A
,,,,,,,,,,,,,,,,,,#N/A
,,,,,,,,,,,,,,,,,,#N/A
,,,,,,,,,,,,,,,,,,#N/A
,,,,,,,,,,,,,,,,,,#N/A
,,,,,,,,,,,,,,,,,,#N/A
,,,,,,,,,,,,,,,,,,#N/A
,,,,,,,,,,,,,,,,,,#N/A
,,,,,,,,,,,,,,,,,,#N/A
,,,,,,,,,,,,,,,,,,#N/A
,,,,,,,,,,,,,,,,,,#N/A
,,,,,,,,,,,,,,,,,,#N/A
,,,,,,,,,,,,,,,,,,#N/A
,,,,,,,,,,,,,,,,,,#N/A
,,,,,,,,,,,,,,,,,,#N/A
,,,,,,,,,,,,,,,,,,#N/A
,,,,,,,,,,,,,,,,,,#N/A
,,,,,,,,,,,,,,,,,,#N/A
,,,,,,,,,,,,,,,,,,#N/A
,,,,,,,,,,,,,,,,,,#N/A
,,,,,,,,,,,,,,,,,,#N/A
,,,,,,,,,,,,,,,,,,#N/A
,,,,,,,,,,,,,,,,,,#N/A
,,,,,,,,,,,,,,,,,,#N/A
,,,,,,,,,,,,,,,,,,#N/A
,,,,,,,,,,,,,,,,,,#N/A
,,,,,,,,,,,,,,,,,,#N/A
,,,,,,,,,,,,,,,,,,#N/A
,,,,,,,,,,,,,,,,,,#N/A
,,,,,,,,,,,,,,,,,,#N/A
,,,,,,,,,,,,,,,,,,#N/A
,,,,,,,,,,,,,,,,,,#N/A
,,,,,,,,,,,,,,,,,,#N/A
,,,,,,,,,,,,,,,,,,#N/A
,,,,,,,,,,,,,,,,,,#N/A
,,,,,,,,,,,,,,,,,,#N/A
,,,,,,,,,,,,,,,,,,#N/A
,,,,,,,,,,,,,,,,,,#N/A
,,,,,,,,,,,,,,,,,,#N/A
,,,,,,,,,,,,,,,,,,#N/A
,,,,,,,,,,,,,,,,,,#N/A
,,,,,,,,,,,,,,,,,,#N/A
,,,,,,,,,,,,,,,,,,#N/A
,,,,,,,,,,,,,,,,,,#N/A
,,,,,,,,,,,,,,,,,,#N/A
,,,,,,,,,,,,,,,,,,#N/A
,,,,,,,,,,,,,,,,,,#N/A
,,,,,,,,,,,,,,,,,,#N/A
,,,,,,,,,,,,,,,,,,#N/A
,,,,,,,,,,,,,,,,,,#N/A
,,,,,,,,,,,,,,,,,,#N/A
,,,,,,,,,,,,,,,,,,#N/A
,,,,,,,,,,,,,,,,,,#N/A
,,,,,,,,,,,,,,,,,,#N/A
,,,,,,,,,,,,,,,,,,#N/A
,,,,,,,,,,,,,,,,,,#N/A
,,,,,,,,,,,,,,,,,,#N/A
,,,,,,,,,,,,,,,,,,#N/A
,,,,,,,,,,,,,,,,,,#N/A
,,,,,,,,,,,,,,,,,,#N/A
,,,,,,,,,,,,,,,,,,#N/A
,,,,,,,,,,,,,,,,,,#N/A
,,,,,,,,,,,,,,,,,,#N/A
,,,,,,,,,,,,,,,,,,#N/A
,,,,,,,,,,,,,,,,,,#N/A
,,,,,,,,,,,,,,,,,,#N/A
,,,,,,,,,,,,,,,,,,#N/A
,,,,,,,,,,,,,,,,,,#N/A
,,,,,,,,,,,,,,,,,,#N/A
,,,,,,,,,,,,,,,,,,#N/A
,,,,,,,,,,,,,,,,,,#N/A
,,,,,,,,,,,,,,,,,,#N/A
,,,,,,,,,,,,,,,,,,#N/A
,,,,,,,,,,,,,,,,,,#N/A
,,,,,,,,,,,,,,,,,,#N/A
,,,,,,,,,,,,,,,,,,#N/A
,,,,,,,,,,,,,,,,,,#N/A
,,,,,,,,,,,,,,,,,,#N/A
,,,,,,,,,,,,,,,,,,#N/A
,,,,,,,,,,,,,,,,,,#N/A
,,,,,,,,,,,,,,,,,,#N/A
,,,,,,,,,,,,,,,,,,#N/A
,,,,,,,,,,,,,,,,,,#N/A
,,,,,,,,,,,,,,,,,,#N/A
,,,,,,,,,,,,,,,,,,#N/A
,,,,,,,,,,,,,,,,,,#N/A
,,,,,,,,,,,,,,,,,,#N/A
,,,,,,,,,,,,,,,,,,#N/A
,,,,,,,,,,,,,,,,,,#N/A
,,,,,,,,,,,,,,,,,,#N/A
,,,,,,,,,,,,,,,,,,#N/A
,,,,,,,,,,,,,,,,,,#N/A
,,,,,,,,,,,,,,,,,,#N/A
,,,,,,,,,,,,,,,,,,#N/A
,,,,,,,,,,,,,,,,,,#N/A
,,,,,,,,,,,,,,,,,,#N/A
,,,,,,,,,,,,,,,,,,#N/A
,,,,,,,,,,,,,,,,,,#N/A
,,,,,,,,,,,,,,,,,,#N/A
,,,,,,,,,,,,,,,,,,#N/A
,,,,,,,,,,,,,,,,,,#N/A
,,,,,,,,,,,,,,,,,,#N/A
,,,,,,,,,,,,,,,,,,#N/A
,,,,,,,,,,,,,,,,,,#N/A
,,,,,,,,,,,,,,,,,,#N/A
,,,,,,,,,,,,,,,,,,#N/A
,,,,,,,,,,,,,,,,,,#N/A
,,,,,,,,,,,,,,,,,,#N/A
,,,,,,,,,,,,,,,,,,#N/A
,,,,,,,,,,,,,,,,,,#N/A
,,,,,,,,,,,,,,,,,,#N/A
,,,,,,,,,,,,,,,,,,#N/A
,,,,,,,,,,,,,,,,,,#N/A
,,,,,,,,,,,,,,,,,,#N/A
,,,,,,,,,,,,,,,,,,#N/A
,,,,,,,,,,,,,,,,,,#N/A
,,,,,,,,,,,,,,,,,,#N/A
,,,,,,,,,,,,,,,,,,#N/A
,,,,,,,,,,,,,,,,,,#N/A
,,,,,,,,,,,,,,,,,,#N/A
,,,,,,,,,,,,,,,,,,#N/A
,,,,,,,,,,,,,,,,,,#N/A
,,,,,,,,,,,,,,,,,,#N/A
,,,,,,,,,,,,,,,,,,#N/A
,,,,,,,,,,,,,,,,,,#N/A
,,,,,,,,,,,,,,,,,,#N/A
,,,,,,,,,,,,,,,,,,#N/A
,,,,,,,,,,,,,,,,,,#N/A
,,,,,,,,,,,,,,,,,,#N/A
,,,,,,,,,,,,,,,,,,#N/A
,,,,,,,,,,,,,,,,,,#N/A
,,,,,,,,,,,,,,,,,,#N/A
,,,,,,,,,,,,,,,,,,#N/A
,,,,,,,,,,,,,,,,,,#N/A
,,,,,,,,,,,,,,,,,,#N/A
,,,,,,,,,,,,,,,,,,#N/A
,,,,,,,,,,,,,,,,,,#N/A
,,,,,,,,,,,,,,,,,,#N/A
,,,,,,,,,,,,,,,,,,#N/A
,,,,,,,,,,,,,,,,,,#N/A
,,,,,,,,,,,,,,,,,,#N/A
,,,,,,,,,,,,,,,,,,#N/A
,,,,,,,,,,,,,,,,,,#N/A
,,,,,,,,,,,,,,,,,,#N/A
,,,,,,,,,,,,,,,,,,#N/A
,,,,,,,,,,,,,,,,,,#N/A
,,,,,,,,,,,,,,,,,,#N/A
,,,,,,,,,,,,,,,,,,#N/A
,,,,,,,,,,,,,,,,,,#N/A
,,,,,,,,,,,,,,,,,,#N/A
,,,,,,,,,,,,,,,,,,#N/A
,,,,,,,,,,,,,,,,,,#N/A
,,,,,,,,,,,,,,,,,,#N/A
,,,,,,,,,,,,,,,,,,#N/A
,,,,,,,,,,,,,,,,,,#N/A
,,,,,,,,,,,,,,,,,,#N/A
,,,,,,,,,,,,,,,,,,#N/A
,,,,,,,,,,,,,,,,,,#N/A
,,,,,,,,,,,,,,,,,,#N/A
,,,,,,,,,,,,,,,,,,#N/A
,,,,,,,,,,,,,,,,,,#N/A
,,,,,,,,,,,,,,,,,,#N/A
,,,,,,,,,,,,,,,,,,#N/A
,,,,,,,,,,,,,,,,,,#N/A
,,,,,,,,,,,,,,,,,,#N/A
,,,,,,,,,,,,,,,,,,#N/A
,,,,,,,,,,,,,,,,,,#N/A
,,,,,,,,,,,,,,,,,,#N/A
,,,,,,,,,,,,,,,,,,#N/A
,,,,,,,,,,,,,,,,,,#N/A
,,,,,,,,,,,,,,,,,,#N/A
,,,,,,,,,,,,,,,,,,#N/A
,,,,,,,,,,,,,,,,,,#N/A
,,,,,,,,,,,,,,,,,,#N/A
,,,,,,,,,,,,,,,,,,#N/A
,,,,,,,,,,,,,,,,,,#N/A
,,,,,,,,,,,,,,,,,,#N/A
,,,,,,,,,,,,,,,,,,#N/A
,,,,,,,,,,,,,,,,,,#N/A
,,,,,,,,,,,,,,,,,,#N/A
,,,,,,,,,,,,,,,,,,#N/A
,,,,,,,,,,,,,,,,,,#N/A
,,,,,,,,,,,,,,,,,,#N/A
,,,,,,,,,,,,,,,,,,#N/A
,,,,,,,,,,,,,,,,,,#N/A
,,,,,,,,,,,,,,,,,,#N/A
,,,,,,,,,,,,,,,,,,#N/A
,,,,,,,,,,,,,,,,,,#N/A
,,,,,,,,,,,,,,,,,,#N/A
,,,,,,,,,,,,,,,,,,#N/A
,,,,,,,,,,,,,,,,,,#N/A
,,,,,,,,,,,,,,,,,,#N/A
,,,,,,,,,,,,,,,,,,#N/A
,,,,,,,,,,,,,,,,,,#N/A
,,,,,,,,,,,,,,,,,,#N/A
,,,,,,,,,,,,,,,,,,#N/A
,,,,,,,,,,,,,,,,,,#N/A
,,,,,,,,,,,,,,,,,,#N/A
,,,,,,,,,,,,,,,,,,#N/A
,,,,,,,,,,,,,,,,,,#N/A
,,,,,,,,,,,,,,,,,,#N/A
,,,,,,,,,,,,,,,,,,#N/A
,,,,,,,,,,,,,,,,,,#N/A
,,,,,,,,,,,,,,,,,,#N/A
,,,,,,,,,,,,,,,,,,#N/A
,,,,,,,,,,,,,,,,,,#N/A
,,,,,,,,,,,,,,,,,,#N/A
,,,,,,,,,,,,,,,,,,#N/A
,,,,,,,,,,,,,,,,,,#N/A
,,,,,,,,,,,,,,,,,,#N/A
,,,,,,,,,,,,,,,,,,#N/A
,,,,,,,,,,,,,,,,,,#N/A
,,,,,,,,,,,,,,,,,,#N/A
,,,,,,,,,,,,,,,,,,#N/A
,,,,,,,,,,,,,,,,,,#N/A
,,,,,,,,,,,,,,,,,,#N/A
,,,,,,,,,,,,,,,,,,#N/A
,,,,,,,,,,,,,,,,,,#N/A
,,,,,,,,,,,,,,,,,,#N/A
,,,,,,,,,,,,,,,,,,#N/A
,,,,,,,,,,,,,,,,,,#N/A
,,,,,,,,,,,,,,,,,,#N/A
,,,,,,,,,,,,,,,,,,#N/A
,,,,,,,,,,,,,,,,,,#N/A
,,,,,,,,,,,,,,,,,,#N/A
,,,,,,,,,,,,,,,,,,#N/A
,,,,,,,,,,,,,,,,,,#N/A
,,,,,,,,,,,,,,,,,,#N/A
,,,,,,,,,,,,,,,,,,#N/A
,,,,,,,,,,,,,,,,,,#N/A
,,,,,,,,,,,,,,,,,,#N/A
,,,,,,,,,,,,,,,,,,#N/A
,,,,,,,,,,,,,,,,,,#N/A
,,,,,,,,,,,,,,,,,,#N/A
,,,,,,,,,,,,,,,,,,#N/A
,,,,,,,,,,,,,,,,,,#N/A
